Pixel,Well,i,j
1,5,1,16
2,5,2,16
3,5,3,16
4,5,4,16
5,5,5,16
6,5,6,16
7,5,7,16
8,5,8,16
9,5,9,16
10,5,10,16
11,5,11,16
12,5,12,16
13,5,13,16
14,5,14,16
15,5,15,16
16,5,16,16
17,5,1,15
18,5,2,15
19,5,3,15
20,5,4,15
21,5,5,15
22,5,6,15
23,5,7,15
24,5,8,15
25,5,9,15
26,5,10,15
27,5,11,15
28,5,12,15
29,5,13,15
30,5,14,15
31,5,15,15
32,5,16,15
33,5,1,14
34,5,2,14
35,5,3,14
36,5,4,14
37,5,5,14
38,5,6,14
39,5,7,14
40,5,8,14
41,5,9,14
42,5,10,14
43,5,11,14
44,5,12,14
45,5,13,14
46,5,14,14
47,5,15,14
48,5,16,14
49,5,1,13
50,5,2,13
51,5,3,13
52,5,4,13
53,5,5,13
54,5,6,13
55,5,7,13
56,5,8,13
57,5,9,13
58,5,10,13
59,5,11,13
60,5,12,13
61,5,13,13
62,5,14,13
63,5,15,13
64,5,16,13
65,5,1,12
66,5,2,12
67,5,3,12
68,5,4,12
69,5,5,12
70,5,6,12
71,5,7,12
72,5,8,12
73,5,9,12
74,5,10,12
75,5,11,12
76,5,12,12
77,5,13,12
78,5,14,12
79,5,15,12
80,5,16,12
81,5,1,11
82,5,2,11
83,5,3,11
84,5,4,11
85,5,5,11
86,5,6,11
87,5,7,11
88,5,8,11
89,5,9,11
90,5,10,11
91,5,11,11
92,5,12,11
93,5,13,11
94,5,14,11
95,5,15,11
96,5,16,11
97,5,1,10
98,5,2,10
99,5,3,10
100,5,4,10
101,5,5,10
102,5,6,10
103,5,7,10
104,5,8,10
105,5,9,10
106,5,10,10
107,5,11,10
108,5,12,10
109,5,13,10
110,5,14,10
111,5,15,10
112,5,16,10
113,5,1,9
114,5,2,9
115,5,3,9
116,5,4,9
117,5,5,9
118,5,6,9
119,5,7,9
120,5,8,9
121,5,9,9
122,5,10,9
123,5,11,9
124,5,12,9
125,5,13,9
126,5,14,9
127,5,15,9
128,5,16,9
129,5,1,8
130,5,2,8
131,5,3,8
132,5,4,8
133,5,5,8
134,5,6,8
135,5,7,8
136,5,8,8
137,5,9,8
138,5,10,8
139,5,11,8
140,5,12,8
141,5,13,8
142,5,14,8
143,5,15,8
144,5,16,8
145,5,1,7
146,5,2,7
147,5,3,7
148,5,4,7
149,5,5,7
150,5,6,7
151,5,7,7
152,5,8,7
153,5,9,7
154,5,10,7
155,5,11,7
156,5,12,7
157,5,13,7
158,5,14,7
159,5,15,7
160,5,16,7
161,5,1,6
162,5,2,6
163,5,3,6
164,5,4,6
165,5,5,6
166,5,6,6
167,5,7,6
168,5,8,6
169,5,9,6
170,5,10,6
171,5,11,6
172,5,12,6
173,5,13,6
174,5,14,6
175,5,15,6
176,5,16,6
177,5,1,5
178,5,2,5
179,5,3,5
180,5,4,5
181,5,5,5
182,5,6,5
183,5,7,5
184,5,8,5
185,5,9,5
186,5,10,5
187,5,11,5
188,5,12,5
189,5,13,5
190,5,14,5
191,5,15,5
192,5,16,5
193,5,1,4
194,5,2,4
195,5,3,4
196,5,4,4
197,5,5,4
198,5,6,4
199,5,7,4
200,5,8,4
201,5,9,4
202,5,10,4
203,5,11,4
204,5,12,4
205,5,13,4
206,5,14,4
207,5,15,4
208,5,16,4
209,5,1,3
210,5,2,3
211,5,3,3
212,5,4,3
213,5,5,3
214,5,6,3
215,5,7,3
216,5,8,3
217,5,9,3
218,5,10,3
219,5,11,3
220,5,12,3
221,5,13,3
222,5,14,3
223,5,15,3
224,5,16,3
225,5,1,2
226,5,2,2
227,5,3,2
228,5,4,2
229,5,5,2
230,5,6,2
231,5,7,2
232,5,8,2
233,5,9,2
234,5,10,2
235,5,11,2
236,5,12,2
237,5,13,2
238,5,14,2
239,5,15,2
240,5,16,2
241,5,1,1
242,5,2,1
243,5,3,1
244,5,4,1
245,5,5,1
246,5,6,1
247,5,7,1
248,5,8,1
249,5,9,1
250,5,10,1
251,5,11,1
252,5,12,1
253,5,13,1
254,5,14,1
255,5,15,1
256,5,16,1
257,7,1,16
258,7,2,16
259,7,3,16
260,7,4,16
261,7,5,16
262,7,6,16
263,7,7,16
264,7,8,16
265,7,9,16
266,7,10,16
267,7,11,16
268,7,12,16
269,7,13,16
270,7,14,16
271,7,15,16
272,7,16,16
273,7,1,15
274,7,2,15
275,7,3,15
276,7,4,15
277,7,5,15
278,7,6,15
279,7,7,15
280,7,8,15
281,7,9,15
282,7,10,15
283,7,11,15
284,7,12,15
285,7,13,15
286,7,14,15
287,7,15,15
288,7,16,15
289,7,1,14
290,7,2,14
291,7,3,14
292,7,4,14
293,7,5,14
294,7,6,14
295,7,7,14
296,7,8,14
297,7,9,14
298,7,10,14
299,7,11,14
300,7,12,14
301,7,13,14
302,7,14,14
303,7,15,14
304,7,16,14
305,7,1,13
306,7,2,13
307,7,3,13
308,7,4,13
309,7,5,13
310,7,6,13
311,7,7,13
312,7,8,13
313,7,9,13
314,7,10,13
315,7,11,13
316,7,12,13
317,7,13,13
318,7,14,13
319,7,15,13
320,7,16,13
321,7,1,12
322,7,2,12
323,7,3,12
324,7,4,12
325,7,5,12
326,7,6,12
327,7,7,12
328,7,8,12
329,7,9,12
330,7,10,12
331,7,11,12
332,7,12,12
333,7,13,12
334,7,14,12
335,7,15,12
336,7,16,12
337,7,1,11
338,7,2,11
339,7,3,11
340,7,4,11
341,7,5,11
342,7,6,11
343,7,7,11
344,7,8,11
345,7,9,11
346,7,10,11
347,7,11,11
348,7,12,11
349,7,13,11
350,7,14,11
351,7,15,11
352,7,16,11
353,7,1,10
354,7,2,10
355,7,3,10
356,7,4,10
357,7,5,10
358,7,6,10
359,7,7,10
360,7,8,10
361,7,9,10
362,7,10,10
363,7,11,10
364,7,12,10
365,7,13,10
366,7,14,10
367,7,15,10
368,7,16,10
369,7,1,9
370,7,2,9
371,7,3,9
372,7,4,9
373,7,5,9
374,7,6,9
375,7,7,9
376,7,8,9
377,7,9,9
378,7,10,9
379,7,11,9
380,7,12,9
381,7,13,9
382,7,14,9
383,7,15,9
384,7,16,9
385,7,1,8
386,7,2,8
387,7,3,8
388,7,4,8
389,7,5,8
390,7,6,8
391,7,7,8
392,7,8,8
393,7,9,8
394,7,10,8
395,7,11,8
396,7,12,8
397,7,13,8
398,7,14,8
399,7,15,8
400,7,16,8
401,7,1,7
402,7,2,7
403,7,3,7
404,7,4,7
405,7,5,7
406,7,6,7
407,7,7,7
408,7,8,7
409,7,9,7
410,7,10,7
411,7,11,7
412,7,12,7
413,7,13,7
414,7,14,7
415,7,15,7
416,7,16,7
417,7,1,6
418,7,2,6
419,7,3,6
420,7,4,6
421,7,5,6
422,7,6,6
423,7,7,6
424,7,8,6
425,7,9,6
426,7,10,6
427,7,11,6
428,7,12,6
429,7,13,6
430,7,14,6
431,7,15,6
432,7,16,6
433,7,1,5
434,7,2,5
435,7,3,5
436,7,4,5
437,7,5,5
438,7,6,5
439,7,7,5
440,7,8,5
441,7,9,5
442,7,10,5
443,7,11,5
444,7,12,5
445,7,13,5
446,7,14,5
447,7,15,5
448,7,16,5
449,7,1,4
450,7,2,4
451,7,3,4
452,7,4,4
453,7,5,4
454,7,6,4
455,7,7,4
456,7,8,4
457,7,9,4
458,7,10,4
459,7,11,4
460,7,12,4
461,7,13,4
462,7,14,4
463,7,15,4
464,7,16,4
465,7,1,3
466,7,2,3
467,7,3,3
468,7,4,3
469,7,5,3
470,7,6,3
471,7,7,3
472,7,8,3
473,7,9,3
474,7,10,3
475,7,11,3
476,7,12,3
477,7,13,3
478,7,14,3
479,7,15,3
480,7,16,3
481,7,1,2
482,7,2,2
483,7,3,2
484,7,4,2
485,7,5,2
486,7,6,2
487,7,7,2
488,7,8,2
489,7,9,2
490,7,10,2
491,7,11,2
492,7,12,2
493,7,13,2
494,7,14,2
495,7,15,2
496,7,16,2
497,7,1,1
498,7,2,1
499,7,3,1
500,7,4,1
501,7,5,1
502,7,6,1
503,7,7,1
504,7,8,1
505,7,9,1
506,7,10,1
507,7,11,1
508,7,12,1
509,7,13,1
510,7,14,1
511,7,15,1
512,7,16,1
513,6,16,16
514,6,15,16
515,6,14,16
516,6,13,16
517,6,12,16
518,6,11,16
519,6,10,16
520,6,9,16
521,6,8,16
522,6,7,16
523,6,6,16
524,6,5,16
525,6,4,16
526,6,3,16
527,6,2,16
528,6,1,16
529,6,16,15
530,6,15,15
531,6,14,15
532,6,13,15
533,6,12,15
534,6,11,15
535,6,10,15
536,6,9,15
537,6,8,15
538,6,7,15
539,6,6,15
540,6,5,15
541,6,4,15
542,6,3,15
543,6,2,15
544,6,1,15
545,6,16,14
546,6,15,14
547,6,14,14
548,6,13,14
549,6,12,14
550,6,11,14
551,6,10,14
552,6,9,14
553,6,8,14
554,6,7,14
555,6,6,14
556,6,5,14
557,6,4,14
558,6,3,14
559,6,2,14
560,6,1,14
561,6,16,13
562,6,15,13
563,6,14,13
564,6,13,13
565,6,12,13
566,6,11,13
567,6,10,13
568,6,9,13
569,6,8,13
570,6,7,13
571,6,6,13
572,6,5,13
573,6,4,13
574,6,3,13
575,6,2,13
576,6,1,13
577,6,16,12
578,6,15,12
579,6,14,12
580,6,13,12
581,6,12,12
582,6,11,12
583,6,10,12
584,6,9,12
585,6,8,12
586,6,7,12
587,6,6,12
588,6,5,12
589,6,4,12
590,6,3,12
591,6,2,12
592,6,1,12
593,6,16,11
594,6,15,11
595,6,14,11
596,6,13,11
597,6,12,11
598,6,11,11
599,6,10,11
600,6,9,11
601,6,8,11
602,6,7,11
603,6,6,11
604,6,5,11
605,6,4,11
606,6,3,11
607,6,2,11
608,6,1,11
609,6,16,10
610,6,15,10
611,6,14,10
612,6,13,10
613,6,12,10
614,6,11,10
615,6,10,10
616,6,9,10
617,6,8,10
618,6,7,10
619,6,6,10
620,6,5,10
621,6,4,10
622,6,3,10
623,6,2,10
624,6,1,10
625,6,16,9
626,6,15,9
627,6,14,9
628,6,13,9
629,6,12,9
630,6,11,9
631,6,10,9
632,6,9,9
633,6,8,9
634,6,7,9
635,6,6,9
636,6,5,9
637,6,4,9
638,6,3,9
639,6,2,9
640,6,1,9
641,6,16,8
642,6,15,8
643,6,14,8
644,6,13,8
645,6,12,8
646,6,11,8
647,6,10,8
648,6,9,8
649,6,8,8
650,6,7,8
651,6,6,8
652,6,5,8
653,6,4,8
654,6,3,8
655,6,2,8
656,6,1,8
657,6,16,7
658,6,15,7
659,6,14,7
660,6,13,7
661,6,12,7
662,6,11,7
663,6,10,7
664,6,9,7
665,6,8,7
666,6,7,7
667,6,6,7
668,6,5,7
669,6,4,7
670,6,3,7
671,6,2,7
672,6,1,7
673,6,16,6
674,6,15,6
675,6,14,6
676,6,13,6
677,6,12,6
678,6,11,6
679,6,10,6
680,6,9,6
681,6,8,6
682,6,7,6
683,6,6,6
684,6,5,6
685,6,4,6
686,6,3,6
687,6,2,6
688,6,1,6
689,6,16,5
690,6,15,5
691,6,14,5
692,6,13,5
693,6,12,5
694,6,11,5
695,6,10,5
696,6,9,5
697,6,8,5
698,6,7,5
699,6,6,5
700,6,5,5
701,6,4,5
702,6,3,5
703,6,2,5
704,6,1,5
705,6,16,4
706,6,15,4
707,6,14,4
708,6,13,4
709,6,12,4
710,6,11,4
711,6,10,4
712,6,9,4
713,6,8,4
714,6,7,4
715,6,6,4
716,6,5,4
717,6,4,4
718,6,3,4
719,6,2,4
720,6,1,4
721,6,16,3
722,6,15,3
723,6,14,3
724,6,13,3
725,6,12,3
726,6,11,3
727,6,10,3
728,6,9,3
729,6,8,3
730,6,7,3
731,6,6,3
732,6,5,3
733,6,4,3
734,6,3,3
735,6,2,3
736,6,1,3
737,6,16,2
738,6,15,2
739,6,14,2
740,6,13,2
741,6,12,2
742,6,11,2
743,6,10,2
744,6,9,2
745,6,8,2
746,6,7,2
747,6,6,2
748,6,5,2
749,6,4,2
750,6,3,2
751,6,2,2
752,6,1,2
753,6,16,1
754,6,15,1
755,6,14,1
756,6,13,1
757,6,12,1
758,6,11,1
759,6,10,1
760,6,9,1
761,6,8,1
762,6,7,1
763,6,6,1
764,6,5,1
765,6,4,1
766,6,3,1
767,6,2,1
768,6,1,1
769,8,16,16
770,8,15,16
771,8,14,16
772,8,13,16
773,8,12,16
774,8,11,16
775,8,10,16
776,8,9,16
777,8,8,16
778,8,7,16
779,8,6,16
780,8,5,16
781,8,4,16
782,8,3,16
783,8,2,16
784,8,1,16
785,8,16,15
786,8,15,15
787,8,14,15
788,8,13,15
789,8,12,15
790,8,11,15
791,8,10,15
792,8,9,15
793,8,8,15
794,8,7,15
795,8,6,15
796,8,5,15
797,8,4,15
798,8,3,15
799,8,2,15
800,8,1,15
801,8,16,14
802,8,15,14
803,8,14,14
804,8,13,14
805,8,12,14
806,8,11,14
807,8,10,14
808,8,9,14
809,8,8,14
810,8,7,14
811,8,6,14
812,8,5,14
813,8,4,14
814,8,3,14
815,8,2,14
816,8,1,14
817,8,16,13
818,8,15,13
819,8,14,13
820,8,13,13
821,8,12,13
822,8,11,13
823,8,10,13
824,8,9,13
825,8,8,13
826,8,7,13
827,8,6,13
828,8,5,13
829,8,4,13
830,8,3,13
831,8,2,13
832,8,1,13
833,8,16,12
834,8,15,12
835,8,14,12
836,8,13,12
837,8,12,12
838,8,11,12
839,8,10,12
840,8,9,12
841,8,8,12
842,8,7,12
843,8,6,12
844,8,5,12
845,8,4,12
846,8,3,12
847,8,2,12
848,8,1,12
849,8,16,11
850,8,15,11
851,8,14,11
852,8,13,11
853,8,12,11
854,8,11,11
855,8,10,11
856,8,9,11
857,8,8,11
858,8,7,11
859,8,6,11
860,8,5,11
861,8,4,11
862,8,3,11
863,8,2,11
864,8,1,11
865,8,16,10
866,8,15,10
867,8,14,10
868,8,13,10
869,8,12,10
870,8,11,10
871,8,10,10
872,8,9,10
873,8,8,10
874,8,7,10
875,8,6,10
876,8,5,10
877,8,4,10
878,8,3,10
879,8,2,10
880,8,1,10
881,8,16,9
882,8,15,9
883,8,14,9
884,8,13,9
885,8,12,9
886,8,11,9
887,8,10,9
888,8,9,9
889,8,8,9
890,8,7,9
891,8,6,9
892,8,5,9
893,8,4,9
894,8,3,9
895,8,2,9
896,8,1,9
897,8,16,8
898,8,15,8
899,8,14,8
900,8,13,8
901,8,12,8
902,8,11,8
903,8,10,8
904,8,9,8
905,8,8,8
906,8,7,8
907,8,6,8
908,8,5,8
909,8,4,8
910,8,3,8
911,8,2,8
912,8,1,8
913,8,16,7
914,8,15,7
915,8,14,7
916,8,13,7
917,8,12,7
918,8,11,7
919,8,10,7
920,8,9,7
921,8,8,7
922,8,7,7
923,8,6,7
924,8,5,7
925,8,4,7
926,8,3,7
927,8,2,7
928,8,1,7
929,8,16,6
930,8,15,6
931,8,14,6
932,8,13,6
933,8,12,6
934,8,11,6
935,8,10,6
936,8,9,6
937,8,8,6
938,8,7,6
939,8,6,6
940,8,5,6
941,8,4,6
942,8,3,6
943,8,2,6
944,8,1,6
945,8,16,5
946,8,15,5
947,8,14,5
948,8,13,5
949,8,12,5
950,8,11,5
951,8,10,5
952,8,9,5
953,8,8,5
954,8,7,5
955,8,6,5
956,8,5,5
957,8,4,5
958,8,3,5
959,8,2,5
960,8,1,5
961,8,16,4
962,8,15,4
963,8,14,4
964,8,13,4
965,8,12,4
966,8,11,4
967,8,10,4
968,8,9,4
969,8,8,4
970,8,7,4
971,8,6,4
972,8,5,4
973,8,4,4
974,8,3,4
975,8,2,4
976,8,1,4
977,8,16,3
978,8,15,3
979,8,14,3
980,8,13,3
981,8,12,3
982,8,11,3
983,8,10,3
984,8,9,3
985,8,8,3
986,8,7,3
987,8,6,3
988,8,5,3
989,8,4,3
990,8,3,3
991,8,2,3
992,8,1,3
993,8,16,2
994,8,15,2
995,8,14,2
996,8,13,2
997,8,12,2
998,8,11,2
999,8,10,2
1000,8,9,2
1001,8,8,2
1002,8,7,2
1003,8,6,2
1004,8,5,2
1005,8,4,2
1006,8,3,2
1007,8,2,2
1008,8,1,2
1009,8,16,1
1010,8,15,1
1011,8,14,1
1012,8,13,1
1013,8,12,1
1014,8,11,1
1015,8,10,1
1016,8,9,1
1017,8,8,1
1018,8,7,1
1019,8,6,1
1020,8,5,1
1021,8,4,1
1022,8,3,1
1023,8,2,1
1024,8,1,1
1025,13,16,16
1026,13,15,16
1027,13,14,16
1028,13,13,16
1029,13,12,16
1030,13,11,16
1031,13,10,16
1032,13,9,16
1033,13,8,16
1034,13,7,16
1035,13,6,16
1036,13,5,16
1037,13,4,16
1038,13,3,16
1039,13,2,16
1040,13,1,16
1041,13,16,15
1042,13,15,15
1043,13,14,15
1044,13,13,15
1045,13,12,15
1046,13,11,15
1047,13,10,15
1048,13,9,15
1049,13,8,15
1050,13,7,15
1051,13,6,15
1052,13,5,15
1053,13,4,15
1054,13,3,15
1055,13,2,15
1056,13,1,15
1057,13,16,14
1058,13,15,14
1059,13,14,14
1060,13,13,14
1061,13,12,14
1062,13,11,14
1063,13,10,14
1064,13,9,14
1065,13,8,14
1066,13,7,14
1067,13,6,14
1068,13,5,14
1069,13,4,14
1070,13,3,14
1071,13,2,14
1072,13,1,14
1073,13,16,13
1074,13,15,13
1075,13,14,13
1076,13,13,13
1077,13,12,13
1078,13,11,13
1079,13,10,13
1080,13,9,13
1081,13,8,13
1082,13,7,13
1083,13,6,13
1084,13,5,13
1085,13,4,13
1086,13,3,13
1087,13,2,13
1088,13,1,13
1089,13,16,12
1090,13,15,12
1091,13,14,12
1092,13,13,12
1093,13,12,12
1094,13,11,12
1095,13,10,12
1096,13,9,12
1097,13,8,12
1098,13,7,12
1099,13,6,12
1100,13,5,12
1101,13,4,12
1102,13,3,12
1103,13,2,12
1104,13,1,12
1105,13,16,11
1106,13,15,11
1107,13,14,11
1108,13,13,11
1109,13,12,11
1110,13,11,11
1111,13,10,11
1112,13,9,11
1113,13,8,11
1114,13,7,11
1115,13,6,11
1116,13,5,11
1117,13,4,11
1118,13,3,11
1119,13,2,11
1120,13,1,11
1121,13,16,10
1122,13,15,10
1123,13,14,10
1124,13,13,10
1125,13,12,10
1126,13,11,10
1127,13,10,10
1128,13,9,10
1129,13,8,10
1130,13,7,10
1131,13,6,10
1132,13,5,10
1133,13,4,10
1134,13,3,10
1135,13,2,10
1136,13,1,10
1137,13,16,9
1138,13,15,9
1139,13,14,9
1140,13,13,9
1141,13,12,9
1142,13,11,9
1143,13,10,9
1144,13,9,9
1145,13,8,9
1146,13,7,9
1147,13,6,9
1148,13,5,9
1149,13,4,9
1150,13,3,9
1151,13,2,9
1152,13,1,9
1153,13,16,8
1154,13,15,8
1155,13,14,8
1156,13,13,8
1157,13,12,8
1158,13,11,8
1159,13,10,8
1160,13,9,8
1161,13,8,8
1162,13,7,8
1163,13,6,8
1164,13,5,8
1165,13,4,8
1166,13,3,8
1167,13,2,8
1168,13,1,8
1169,13,16,7
1170,13,15,7
1171,13,14,7
1172,13,13,7
1173,13,12,7
1174,13,11,7
1175,13,10,7
1176,13,9,7
1177,13,8,7
1178,13,7,7
1179,13,6,7
1180,13,5,7
1181,13,4,7
1182,13,3,7
1183,13,2,7
1184,13,1,7
1185,13,16,6
1186,13,15,6
1187,13,14,6
1188,13,13,6
1189,13,12,6
1190,13,11,6
1191,13,10,6
1192,13,9,6
1193,13,8,6
1194,13,7,6
1195,13,6,6
1196,13,5,6
1197,13,4,6
1198,13,3,6
1199,13,2,6
1200,13,1,6
1201,13,16,5
1202,13,15,5
1203,13,14,5
1204,13,13,5
1205,13,12,5
1206,13,11,5
1207,13,10,5
1208,13,9,5
1209,13,8,5
1210,13,7,5
1211,13,6,5
1212,13,5,5
1213,13,4,5
1214,13,3,5
1215,13,2,5
1216,13,1,5
1217,13,16,4
1218,13,15,4
1219,13,14,4
1220,13,13,4
1221,13,12,4
1222,13,11,4
1223,13,10,4
1224,13,9,4
1225,13,8,4
1226,13,7,4
1227,13,6,4
1228,13,5,4
1229,13,4,4
1230,13,3,4
1231,13,2,4
1232,13,1,4
1233,13,16,3
1234,13,15,3
1235,13,14,3
1236,13,13,3
1237,13,12,3
1238,13,11,3
1239,13,10,3
1240,13,9,3
1241,13,8,3
1242,13,7,3
1243,13,6,3
1244,13,5,3
1245,13,4,3
1246,13,3,3
1247,13,2,3
1248,13,1,3
1249,13,16,2
1250,13,15,2
1251,13,14,2
1252,13,13,2
1253,13,12,2
1254,13,11,2
1255,13,10,2
1256,13,9,2
1257,13,8,2
1258,13,7,2
1259,13,6,2
1260,13,5,2
1261,13,4,2
1262,13,3,2
1263,13,2,2
1264,13,1,2
1265,13,16,1
1266,13,15,1
1267,13,14,1
1268,13,13,1
1269,13,12,1
1270,13,11,1
1271,13,10,1
1272,13,9,1
1273,13,8,1
1274,13,7,1
1275,13,6,1
1276,13,5,1
1277,13,4,1
1278,13,3,1
1279,13,2,1
1280,13,1,1
1281,15,16,16
1282,15,15,16
1283,15,14,16
1284,15,13,16
1285,15,12,16
1286,15,11,16
1287,15,10,16
1288,15,9,16
1289,15,8,16
1290,15,7,16
1291,15,6,16
1292,15,5,16
1293,15,4,16
1294,15,3,16
1295,15,2,16
1296,15,1,16
1297,15,16,15
1298,15,15,15
1299,15,14,15
1300,15,13,15
1301,15,12,15
1302,15,11,15
1303,15,10,15
1304,15,9,15
1305,15,8,15
1306,15,7,15
1307,15,6,15
1308,15,5,15
1309,15,4,15
1310,15,3,15
1311,15,2,15
1312,15,1,15
1313,15,16,14
1314,15,15,14
1315,15,14,14
1316,15,13,14
1317,15,12,14
1318,15,11,14
1319,15,10,14
1320,15,9,14
1321,15,8,14
1322,15,7,14
1323,15,6,14
1324,15,5,14
1325,15,4,14
1326,15,3,14
1327,15,2,14
1328,15,1,14
1329,15,16,13
1330,15,15,13
1331,15,14,13
1332,15,13,13
1333,15,12,13
1334,15,11,13
1335,15,10,13
1336,15,9,13
1337,15,8,13
1338,15,7,13
1339,15,6,13
1340,15,5,13
1341,15,4,13
1342,15,3,13
1343,15,2,13
1344,15,1,13
1345,15,16,12
1346,15,15,12
1347,15,14,12
1348,15,13,12
1349,15,12,12
1350,15,11,12
1351,15,10,12
1352,15,9,12
1353,15,8,12
1354,15,7,12
1355,15,6,12
1356,15,5,12
1357,15,4,12
1358,15,3,12
1359,15,2,12
1360,15,1,12
1361,15,16,11
1362,15,15,11
1363,15,14,11
1364,15,13,11
1365,15,12,11
1366,15,11,11
1367,15,10,11
1368,15,9,11
1369,15,8,11
1370,15,7,11
1371,15,6,11
1372,15,5,11
1373,15,4,11
1374,15,3,11
1375,15,2,11
1376,15,1,11
1377,15,16,10
1378,15,15,10
1379,15,14,10
1380,15,13,10
1381,15,12,10
1382,15,11,10
1383,15,10,10
1384,15,9,10
1385,15,8,10
1386,15,7,10
1387,15,6,10
1388,15,5,10
1389,15,4,10
1390,15,3,10
1391,15,2,10
1392,15,1,10
1393,15,16,9
1394,15,15,9
1395,15,14,9
1396,15,13,9
1397,15,12,9
1398,15,11,9
1399,15,10,9
1400,15,9,9
1401,15,8,9
1402,15,7,9
1403,15,6,9
1404,15,5,9
1405,15,4,9
1406,15,3,9
1407,15,2,9
1408,15,1,9
1409,15,16,8
1410,15,15,8
1411,15,14,8
1412,15,13,8
1413,15,12,8
1414,15,11,8
1415,15,10,8
1416,15,9,8
1417,15,8,8
1418,15,7,8
1419,15,6,8
1420,15,5,8
1421,15,4,8
1422,15,3,8
1423,15,2,8
1424,15,1,8
1425,15,16,7
1426,15,15,7
1427,15,14,7
1428,15,13,7
1429,15,12,7
1430,15,11,7
1431,15,10,7
1432,15,9,7
1433,15,8,7
1434,15,7,7
1435,15,6,7
1436,15,5,7
1437,15,4,7
1438,15,3,7
1439,15,2,7
1440,15,1,7
1441,15,16,6
1442,15,15,6
1443,15,14,6
1444,15,13,6
1445,15,12,6
1446,15,11,6
1447,15,10,6
1448,15,9,6
1449,15,8,6
1450,15,7,6
1451,15,6,6
1452,15,5,6
1453,15,4,6
1454,15,3,6
1455,15,2,6
1456,15,1,6
1457,15,16,5
1458,15,15,5
1459,15,14,5
1460,15,13,5
1461,15,12,5
1462,15,11,5
1463,15,10,5
1464,15,9,5
1465,15,8,5
1466,15,7,5
1467,15,6,5
1468,15,5,5
1469,15,4,5
1470,15,3,5
1471,15,2,5
1472,15,1,5
1473,15,16,4
1474,15,15,4
1475,15,14,4
1476,15,13,4
1477,15,12,4
1478,15,11,4
1479,15,10,4
1480,15,9,4
1481,15,8,4
1482,15,7,4
1483,15,6,4
1484,15,5,4
1485,15,4,4
1486,15,3,4
1487,15,2,4
1488,15,1,4
1489,15,16,3
1490,15,15,3
1491,15,14,3
1492,15,13,3
1493,15,12,3
1494,15,11,3
1495,15,10,3
1496,15,9,3
1497,15,8,3
1498,15,7,3
1499,15,6,3
1500,15,5,3
1501,15,4,3
1502,15,3,3
1503,15,2,3
1504,15,1,3
1505,15,16,2
1506,15,15,2
1507,15,14,2
1508,15,13,2
1509,15,12,2
1510,15,11,2
1511,15,10,2
1512,15,9,2
1513,15,8,2
1514,15,7,2
1515,15,6,2
1516,15,5,2
1517,15,4,2
1518,15,3,2
1519,15,2,2
1520,15,1,2
1521,15,16,1
1522,15,15,1
1523,15,14,1
1524,15,13,1
1525,15,12,1
1526,15,11,1
1527,15,10,1
1528,15,9,1
1529,15,8,1
1530,15,7,1
1531,15,6,1
1532,15,5,1
1533,15,4,1
1534,15,3,1
1535,15,2,1
1536,15,1,1
1537,14,1,16
1538,14,2,16
1539,14,3,16
1540,14,4,16
1541,14,5,16
1542,14,6,16
1543,14,7,16
1544,14,8,16
1545,14,9,16
1546,14,10,16
1547,14,11,16
1548,14,12,16
1549,14,13,16
1550,14,14,16
1551,14,15,16
1552,14,16,16
1553,14,1,15
1554,14,2,15
1555,14,3,15
1556,14,4,15
1557,14,5,15
1558,14,6,15
1559,14,7,15
1560,14,8,15
1561,14,9,15
1562,14,10,15
1563,14,11,15
1564,14,12,15
1565,14,13,15
1566,14,14,15
1567,14,15,15
1568,14,16,15
1569,14,1,14
1570,14,2,14
1571,14,3,14
1572,14,4,14
1573,14,5,14
1574,14,6,14
1575,14,7,14
1576,14,8,14
1577,14,9,14
1578,14,10,14
1579,14,11,14
1580,14,12,14
1581,14,13,14
1582,14,14,14
1583,14,15,14
1584,14,16,14
1585,14,1,13
1586,14,2,13
1587,14,3,13
1588,14,4,13
1589,14,5,13
1590,14,6,13
1591,14,7,13
1592,14,8,13
1593,14,9,13
1594,14,10,13
1595,14,11,13
1596,14,12,13
1597,14,13,13
1598,14,14,13
1599,14,15,13
1600,14,16,13
1601,14,1,12
1602,14,2,12
1603,14,3,12
1604,14,4,12
1605,14,5,12
1606,14,6,12
1607,14,7,12
1608,14,8,12
1609,14,9,12
1610,14,10,12
1611,14,11,12
1612,14,12,12
1613,14,13,12
1614,14,14,12
1615,14,15,12
1616,14,16,12
1617,14,1,11
1618,14,2,11
1619,14,3,11
1620,14,4,11
1621,14,5,11
1622,14,6,11
1623,14,7,11
1624,14,8,11
1625,14,9,11
1626,14,10,11
1627,14,11,11
1628,14,12,11
1629,14,13,11
1630,14,14,11
1631,14,15,11
1632,14,16,11
1633,14,1,10
1634,14,2,10
1635,14,3,10
1636,14,4,10
1637,14,5,10
1638,14,6,10
1639,14,7,10
1640,14,8,10
1641,14,9,10
1642,14,10,10
1643,14,11,10
1644,14,12,10
1645,14,13,10
1646,14,14,10
1647,14,15,10
1648,14,16,10
1649,14,1,9
1650,14,2,9
1651,14,3,9
1652,14,4,9
1653,14,5,9
1654,14,6,9
1655,14,7,9
1656,14,8,9
1657,14,9,9
1658,14,10,9
1659,14,11,9
1660,14,12,9
1661,14,13,9
1662,14,14,9
1663,14,15,9
1664,14,16,9
1665,14,1,8
1666,14,2,8
1667,14,3,8
1668,14,4,8
1669,14,5,8
1670,14,6,8
1671,14,7,8
1672,14,8,8
1673,14,9,8
1674,14,10,8
1675,14,11,8
1676,14,12,8
1677,14,13,8
1678,14,14,8
1679,14,15,8
1680,14,16,8
1681,14,1,7
1682,14,2,7
1683,14,3,7
1684,14,4,7
1685,14,5,7
1686,14,6,7
1687,14,7,7
1688,14,8,7
1689,14,9,7
1690,14,10,7
1691,14,11,7
1692,14,12,7
1693,14,13,7
1694,14,14,7
1695,14,15,7
1696,14,16,7
1697,14,1,6
1698,14,2,6
1699,14,3,6
1700,14,4,6
1701,14,5,6
1702,14,6,6
1703,14,7,6
1704,14,8,6
1705,14,9,6
1706,14,10,6
1707,14,11,6
1708,14,12,6
1709,14,13,6
1710,14,14,6
1711,14,15,6
1712,14,16,6
1713,14,1,5
1714,14,2,5
1715,14,3,5
1716,14,4,5
1717,14,5,5
1718,14,6,5
1719,14,7,5
1720,14,8,5
1721,14,9,5
1722,14,10,5
1723,14,11,5
1724,14,12,5
1725,14,13,5
1726,14,14,5
1727,14,15,5
1728,14,16,5
1729,14,1,4
1730,14,2,4
1731,14,3,4
1732,14,4,4
1733,14,5,4
1734,14,6,4
1735,14,7,4
1736,14,8,4
1737,14,9,4
1738,14,10,4
1739,14,11,4
1740,14,12,4
1741,14,13,4
1742,14,14,4
1743,14,15,4
1744,14,16,4
1745,14,1,3
1746,14,2,3
1747,14,3,3
1748,14,4,3
1749,14,5,3
1750,14,6,3
1751,14,7,3
1752,14,8,3
1753,14,9,3
1754,14,10,3
1755,14,11,3
1756,14,12,3
1757,14,13,3
1758,14,14,3
1759,14,15,3
1760,14,16,3
1761,14,1,2
1762,14,2,2
1763,14,3,2
1764,14,4,2
1765,14,5,2
1766,14,6,2
1767,14,7,2
1768,14,8,2
1769,14,9,2
1770,14,10,2
1771,14,11,2
1772,14,12,2
1773,14,13,2
1774,14,14,2
1775,14,15,2
1776,14,16,2
1777,14,1,1
1778,14,2,1
1779,14,3,1
1780,14,4,1
1781,14,5,1
1782,14,6,1
1783,14,7,1
1784,14,8,1
1785,14,9,1
1786,14,10,1
1787,14,11,1
1788,14,12,1
1789,14,13,1
1790,14,14,1
1791,14,15,1
1792,14,16,1
1793,16,1,16
1794,16,2,16
1795,16,3,16
1796,16,4,16
1797,16,5,16
1798,16,6,16
1799,16,7,16
1800,16,8,16
1801,16,9,16
1802,16,10,16
1803,16,11,16
1804,16,12,16
1805,16,13,16
1806,16,14,16
1807,16,15,16
1808,16,16,16
1809,16,1,15
1810,16,2,15
1811,16,3,15
1812,16,4,15
1813,16,5,15
1814,16,6,15
1815,16,7,15
1816,16,8,15
1817,16,9,15
1818,16,10,15
1819,16,11,15
1820,16,12,15
1821,16,13,15
1822,16,14,15
1823,16,15,15
1824,16,16,15
1825,16,1,14
1826,16,2,14
1827,16,3,14
1828,16,4,14
1829,16,5,14
1830,16,6,14
1831,16,7,14
1832,16,8,14
1833,16,9,14
1834,16,10,14
1835,16,11,14
1836,16,12,14
1837,16,13,14
1838,16,14,14
1839,16,15,14
1840,16,16,14
1841,16,1,13
1842,16,2,13
1843,16,3,13
1844,16,4,13
1845,16,5,13
1846,16,6,13
1847,16,7,13
1848,16,8,13
1849,16,9,13
1850,16,10,13
1851,16,11,13
1852,16,12,13
1853,16,13,13
1854,16,14,13
1855,16,15,13
1856,16,16,13
1857,16,1,12
1858,16,2,12
1859,16,3,12
1860,16,4,12
1861,16,5,12
1862,16,6,12
1863,16,7,12
1864,16,8,12
1865,16,9,12
1866,16,10,12
1867,16,11,12
1868,16,12,12
1869,16,13,12
1870,16,14,12
1871,16,15,12
1872,16,16,12
1873,16,1,11
1874,16,2,11
1875,16,3,11
1876,16,4,11
1877,16,5,11
1878,16,6,11
1879,16,7,11
1880,16,8,11
1881,16,9,11
1882,16,10,11
1883,16,11,11
1884,16,12,11
1885,16,13,11
1886,16,14,11
1887,16,15,11
1888,16,16,11
1889,16,1,10
1890,16,2,10
1891,16,3,10
1892,16,4,10
1893,16,5,10
1894,16,6,10
1895,16,7,10
1896,16,8,10
1897,16,9,10
1898,16,10,10
1899,16,11,10
1900,16,12,10
1901,16,13,10
1902,16,14,10
1903,16,15,10
1904,16,16,10
1905,16,1,9
1906,16,2,9
1907,16,3,9
1908,16,4,9
1909,16,5,9
1910,16,6,9
1911,16,7,9
1912,16,8,9
1913,16,9,9
1914,16,10,9
1915,16,11,9
1916,16,12,9
1917,16,13,9
1918,16,14,9
1919,16,15,9
1920,16,16,9
1921,16,1,8
1922,16,2,8
1923,16,3,8
1924,16,4,8
1925,16,5,8
1926,16,6,8
1927,16,7,8
1928,16,8,8
1929,16,9,8
1930,16,10,8
1931,16,11,8
1932,16,12,8
1933,16,13,8
1934,16,14,8
1935,16,15,8
1936,16,16,8
1937,16,1,7
1938,16,2,7
1939,16,3,7
1940,16,4,7
1941,16,5,7
1942,16,6,7
1943,16,7,7
1944,16,8,7
1945,16,9,7
1946,16,10,7
1947,16,11,7
1948,16,12,7
1949,16,13,7
1950,16,14,7
1951,16,15,7
1952,16,16,7
1953,16,1,6
1954,16,2,6
1955,16,3,6
1956,16,4,6
1957,16,5,6
1958,16,6,6
1959,16,7,6
1960,16,8,6
1961,16,9,6
1962,16,10,6
1963,16,11,6
1964,16,12,6
1965,16,13,6
1966,16,14,6
1967,16,15,6
1968,16,16,6
1969,16,1,5
1970,16,2,5
1971,16,3,5
1972,16,4,5
1973,16,5,5
1974,16,6,5
1975,16,7,5
1976,16,8,5
1977,16,9,5
1978,16,10,5
1979,16,11,5
1980,16,12,5
1981,16,13,5
1982,16,14,5
1983,16,15,5
1984,16,16,5
1985,16,1,4
1986,16,2,4
1987,16,3,4
1988,16,4,4
1989,16,5,4
1990,16,6,4
1991,16,7,4
1992,16,8,4
1993,16,9,4
1994,16,10,4
1995,16,11,4
1996,16,12,4
1997,16,13,4
1998,16,14,4
1999,16,15,4
2000,16,16,4
2001,16,1,3
2002,16,2,3
2003,16,3,3
2004,16,4,3
2005,16,5,3
2006,16,6,3
2007,16,7,3
2008,16,8,3
2009,16,9,3
2010,16,10,3
2011,16,11,3
2012,16,12,3
2013,16,13,3
2014,16,14,3
2015,16,15,3
2016,16,16,3
2017,16,1,2
2018,16,2,2
2019,16,3,2
2020,16,4,2
2021,16,5,2
2022,16,6,2
2023,16,7,2
2024,16,8,2
2025,16,9,2
2026,16,10,2
2027,16,11,2
2028,16,12,2
2029,16,13,2
2030,16,14,2
2031,16,15,2
2032,16,16,2
2033,16,1,1
2034,16,2,1
2035,16,3,1
2036,16,4,1
2037,16,5,1
2038,16,6,1
2039,16,7,1
2040,16,8,1
2041,16,9,1
2042,16,10,1
2043,16,11,1
2044,16,12,1
2045,16,13,1
2046,16,14,1
2047,16,15,1
2048,16,16,1
2049,1,1,1
2050,1,2,1
2051,1,3,1
2052,1,4,1
2053,1,5,1
2054,1,6,1
2055,1,7,1
2056,1,8,1
2057,1,9,1
2058,1,10,1
2059,1,11,1
2060,1,12,1
2061,1,13,1
2062,1,14,1
2063,1,15,1
2064,1,16,1
2065,1,1,2
2066,1,2,2
2067,1,3,2
2068,1,4,2
2069,1,5,2
2070,1,6,2
2071,1,7,2
2072,1,8,2
2073,1,9,2
2074,1,10,2
2075,1,11,2
2076,1,12,2
2077,1,13,2
2078,1,14,2
2079,1,15,2
2080,1,16,2
2081,1,1,3
2082,1,2,3
2083,1,3,3
2084,1,4,3
2085,1,5,3
2086,1,6,3
2087,1,7,3
2088,1,8,3
2089,1,9,3
2090,1,10,3
2091,1,11,3
2092,1,12,3
2093,1,13,3
2094,1,14,3
2095,1,15,3
2096,1,16,3
2097,1,1,4
2098,1,2,4
2099,1,3,4
2100,1,4,4
2101,1,5,4
2102,1,6,4
2103,1,7,4
2104,1,8,4
2105,1,9,4
2106,1,10,4
2107,1,11,4
2108,1,12,4
2109,1,13,4
2110,1,14,4
2111,1,15,4
2112,1,16,4
2113,1,1,5
2114,1,2,5
2115,1,3,5
2116,1,4,5
2117,1,5,5
2118,1,6,5
2119,1,7,5
2120,1,8,5
2121,1,9,5
2122,1,10,5
2123,1,11,5
2124,1,12,5
2125,1,13,5
2126,1,14,5
2127,1,15,5
2128,1,16,5
2129,1,1,6
2130,1,2,6
2131,1,3,6
2132,1,4,6
2133,1,5,6
2134,1,6,6
2135,1,7,6
2136,1,8,6
2137,1,9,6
2138,1,10,6
2139,1,11,6
2140,1,12,6
2141,1,13,6
2142,1,14,6
2143,1,15,6
2144,1,16,6
2145,1,1,7
2146,1,2,7
2147,1,3,7
2148,1,4,7
2149,1,5,7
2150,1,6,7
2151,1,7,7
2152,1,8,7
2153,1,9,7
2154,1,10,7
2155,1,11,7
2156,1,12,7
2157,1,13,7
2158,1,14,7
2159,1,15,7
2160,1,16,7
2161,1,1,8
2162,1,2,8
2163,1,3,8
2164,1,4,8
2165,1,5,8
2166,1,6,8
2167,1,7,8
2168,1,8,8
2169,1,9,8
2170,1,10,8
2171,1,11,8
2172,1,12,8
2173,1,13,8
2174,1,14,8
2175,1,15,8
2176,1,16,8
2177,1,1,9
2178,1,2,9
2179,1,3,9
2180,1,4,9
2181,1,5,9
2182,1,6,9
2183,1,7,9
2184,1,8,9
2185,1,9,9
2186,1,10,9
2187,1,11,9
2188,1,12,9
2189,1,13,9
2190,1,14,9
2191,1,15,9
2192,1,16,9
2193,1,1,10
2194,1,2,10
2195,1,3,10
2196,1,4,10
2197,1,5,10
2198,1,6,10
2199,1,7,10
2200,1,8,10
2201,1,9,10
2202,1,10,10
2203,1,11,10
2204,1,12,10
2205,1,13,10
2206,1,14,10
2207,1,15,10
2208,1,16,10
2209,1,1,11
2210,1,2,11
2211,1,3,11
2212,1,4,11
2213,1,5,11
2214,1,6,11
2215,1,7,11
2216,1,8,11
2217,1,9,11
2218,1,10,11
2219,1,11,11
2220,1,12,11
2221,1,13,11
2222,1,14,11
2223,1,15,11
2224,1,16,11
2225,1,1,12
2226,1,2,12
2227,1,3,12
2228,1,4,12
2229,1,5,12
2230,1,6,12
2231,1,7,12
2232,1,8,12
2233,1,9,12
2234,1,10,12
2235,1,11,12
2236,1,12,12
2237,1,13,12
2238,1,14,12
2239,1,15,12
2240,1,16,12
2241,1,1,13
2242,1,2,13
2243,1,3,13
2244,1,4,13
2245,1,5,13
2246,1,6,13
2247,1,7,13
2248,1,8,13
2249,1,9,13
2250,1,10,13
2251,1,11,13
2252,1,12,13
2253,1,13,13
2254,1,14,13
2255,1,15,13
2256,1,16,13
2257,1,1,14
2258,1,2,14
2259,1,3,14
2260,1,4,14
2261,1,5,14
2262,1,6,14
2263,1,7,14
2264,1,8,14
2265,1,9,14
2266,1,10,14
2267,1,11,14
2268,1,12,14
2269,1,13,14
2270,1,14,14
2271,1,15,14
2272,1,16,14
2273,1,1,15
2274,1,2,15
2275,1,3,15
2276,1,4,15
2277,1,5,15
2278,1,6,15
2279,1,7,15
2280,1,8,15
2281,1,9,15
2282,1,10,15
2283,1,11,15
2284,1,12,15
2285,1,13,15
2286,1,14,15
2287,1,15,15
2288,1,16,15
2289,1,1,16
2290,1,2,16
2291,1,3,16
2292,1,4,16
2293,1,5,16
2294,1,6,16
2295,1,7,16
2296,1,8,16
2297,1,9,16
2298,1,10,16
2299,1,11,16
2300,1,12,16
2301,1,13,16
2302,1,14,16
2303,1,15,16
2304,1,16,16
2305,3,1,1
2306,3,2,1
2307,3,3,1
2308,3,4,1
2309,3,5,1
2310,3,6,1
2311,3,7,1
2312,3,8,1
2313,3,9,1
2314,3,10,1
2315,3,11,1
2316,3,12,1
2317,3,13,1
2318,3,14,1
2319,3,15,1
2320,3,16,1
2321,3,1,2
2322,3,2,2
2323,3,3,2
2324,3,4,2
2325,3,5,2
2326,3,6,2
2327,3,7,2
2328,3,8,2
2329,3,9,2
2330,3,10,2
2331,3,11,2
2332,3,12,2
2333,3,13,2
2334,3,14,2
2335,3,15,2
2336,3,16,2
2337,3,1,3
2338,3,2,3
2339,3,3,3
2340,3,4,3
2341,3,5,3
2342,3,6,3
2343,3,7,3
2344,3,8,3
2345,3,9,3
2346,3,10,3
2347,3,11,3
2348,3,12,3
2349,3,13,3
2350,3,14,3
2351,3,15,3
2352,3,16,3
2353,3,1,4
2354,3,2,4
2355,3,3,4
2356,3,4,4
2357,3,5,4
2358,3,6,4
2359,3,7,4
2360,3,8,4
2361,3,9,4
2362,3,10,4
2363,3,11,4
2364,3,12,4
2365,3,13,4
2366,3,14,4
2367,3,15,4
2368,3,16,4
2369,3,1,5
2370,3,2,5
2371,3,3,5
2372,3,4,5
2373,3,5,5
2374,3,6,5
2375,3,7,5
2376,3,8,5
2377,3,9,5
2378,3,10,5
2379,3,11,5
2380,3,12,5
2381,3,13,5
2382,3,14,5
2383,3,15,5
2384,3,16,5
2385,3,1,6
2386,3,2,6
2387,3,3,6
2388,3,4,6
2389,3,5,6
2390,3,6,6
2391,3,7,6
2392,3,8,6
2393,3,9,6
2394,3,10,6
2395,3,11,6
2396,3,12,6
2397,3,13,6
2398,3,14,6
2399,3,15,6
2400,3,16,6
2401,3,1,7
2402,3,2,7
2403,3,3,7
2404,3,4,7
2405,3,5,7
2406,3,6,7
2407,3,7,7
2408,3,8,7
2409,3,9,7
2410,3,10,7
2411,3,11,7
2412,3,12,7
2413,3,13,7
2414,3,14,7
2415,3,15,7
2416,3,16,7
2417,3,1,8
2418,3,2,8
2419,3,3,8
2420,3,4,8
2421,3,5,8
2422,3,6,8
2423,3,7,8
2424,3,8,8
2425,3,9,8
2426,3,10,8
2427,3,11,8
2428,3,12,8
2429,3,13,8
2430,3,14,8
2431,3,15,8
2432,3,16,8
2433,3,1,9
2434,3,2,9
2435,3,3,9
2436,3,4,9
2437,3,5,9
2438,3,6,9
2439,3,7,9
2440,3,8,9
2441,3,9,9
2442,3,10,9
2443,3,11,9
2444,3,12,9
2445,3,13,9
2446,3,14,9
2447,3,15,9
2448,3,16,9
2449,3,1,10
2450,3,2,10
2451,3,3,10
2452,3,4,10
2453,3,5,10
2454,3,6,10
2455,3,7,10
2456,3,8,10
2457,3,9,10
2458,3,10,10
2459,3,11,10
2460,3,12,10
2461,3,13,10
2462,3,14,10
2463,3,15,10
2464,3,16,10
2465,3,1,11
2466,3,2,11
2467,3,3,11
2468,3,4,11
2469,3,5,11
2470,3,6,11
2471,3,7,11
2472,3,8,11
2473,3,9,11
2474,3,10,11
2475,3,11,11
2476,3,12,11
2477,3,13,11
2478,3,14,11
2479,3,15,11
2480,3,16,11
2481,3,1,12
2482,3,2,12
2483,3,3,12
2484,3,4,12
2485,3,5,12
2486,3,6,12
2487,3,7,12
2488,3,8,12
2489,3,9,12
2490,3,10,12
2491,3,11,12
2492,3,12,12
2493,3,13,12
2494,3,14,12
2495,3,15,12
2496,3,16,12
2497,3,1,13
2498,3,2,13
2499,3,3,13
2500,3,4,13
2501,3,5,13
2502,3,6,13
2503,3,7,13
2504,3,8,13
2505,3,9,13
2506,3,10,13
2507,3,11,13
2508,3,12,13
2509,3,13,13
2510,3,14,13
2511,3,15,13
2512,3,16,13
2513,3,1,14
2514,3,2,14
2515,3,3,14
2516,3,4,14
2517,3,5,14
2518,3,6,14
2519,3,7,14
2520,3,8,14
2521,3,9,14
2522,3,10,14
2523,3,11,14
2524,3,12,14
2525,3,13,14
2526,3,14,14
2527,3,15,14
2528,3,16,14
2529,3,1,15
2530,3,2,15
2531,3,3,15
2532,3,4,15
2533,3,5,15
2534,3,6,15
2535,3,7,15
2536,3,8,15
2537,3,9,15
2538,3,10,15
2539,3,11,15
2540,3,12,15
2541,3,13,15
2542,3,14,15
2543,3,15,15
2544,3,16,15
2545,3,1,16
2546,3,2,16
2547,3,3,16
2548,3,4,16
2549,3,5,16
2550,3,6,16
2551,3,7,16
2552,3,8,16
2553,3,9,16
2554,3,10,16
2555,3,11,16
2556,3,12,16
2557,3,13,16
2558,3,14,16
2559,3,15,16
2560,3,16,16
2561,2,16,1
2562,2,15,1
2563,2,14,1
2564,2,13,1
2565,2,12,1
2566,2,11,1
2567,2,10,1
2568,2,9,1
2569,2,8,1
2570,2,7,1
2571,2,6,1
2572,2,5,1
2573,2,4,1
2574,2,3,1
2575,2,2,1
2576,2,1,1
2577,2,16,2
2578,2,15,2
2579,2,14,2
2580,2,13,2
2581,2,12,2
2582,2,11,2
2583,2,10,2
2584,2,9,2
2585,2,8,2
2586,2,7,2
2587,2,6,2
2588,2,5,2
2589,2,4,2
2590,2,3,2
2591,2,2,2
2592,2,1,2
2593,2,16,3
2594,2,15,3
2595,2,14,3
2596,2,13,3
2597,2,12,3
2598,2,11,3
2599,2,10,3
2600,2,9,3
2601,2,8,3
2602,2,7,3
2603,2,6,3
2604,2,5,3
2605,2,4,3
2606,2,3,3
2607,2,2,3
2608,2,1,3
2609,2,16,4
2610,2,15,4
2611,2,14,4
2612,2,13,4
2613,2,12,4
2614,2,11,4
2615,2,10,4
2616,2,9,4
2617,2,8,4
2618,2,7,4
2619,2,6,4
2620,2,5,4
2621,2,4,4
2622,2,3,4
2623,2,2,4
2624,2,1,4
2625,2,16,5
2626,2,15,5
2627,2,14,5
2628,2,13,5
2629,2,12,5
2630,2,11,5
2631,2,10,5
2632,2,9,5
2633,2,8,5
2634,2,7,5
2635,2,6,5
2636,2,5,5
2637,2,4,5
2638,2,3,5
2639,2,2,5
2640,2,1,5
2641,2,16,6
2642,2,15,6
2643,2,14,6
2644,2,13,6
2645,2,12,6
2646,2,11,6
2647,2,10,6
2648,2,9,6
2649,2,8,6
2650,2,7,6
2651,2,6,6
2652,2,5,6
2653,2,4,6
2654,2,3,6
2655,2,2,6
2656,2,1,6
2657,2,16,7
2658,2,15,7
2659,2,14,7
2660,2,13,7
2661,2,12,7
2662,2,11,7
2663,2,10,7
2664,2,9,7
2665,2,8,7
2666,2,7,7
2667,2,6,7
2668,2,5,7
2669,2,4,7
2670,2,3,7
2671,2,2,7
2672,2,1,7
2673,2,16,8
2674,2,15,8
2675,2,14,8
2676,2,13,8
2677,2,12,8
2678,2,11,8
2679,2,10,8
2680,2,9,8
2681,2,8,8
2682,2,7,8
2683,2,6,8
2684,2,5,8
2685,2,4,8
2686,2,3,8
2687,2,2,8
2688,2,1,8
2689,2,16,9
2690,2,15,9
2691,2,14,9
2692,2,13,9
2693,2,12,9
2694,2,11,9
2695,2,10,9
2696,2,9,9
2697,2,8,9
2698,2,7,9
2699,2,6,9
2700,2,5,9
2701,2,4,9
2702,2,3,9
2703,2,2,9
2704,2,1,9
2705,2,16,10
2706,2,15,10
2707,2,14,10
2708,2,13,10
2709,2,12,10
2710,2,11,10
2711,2,10,10
2712,2,9,10
2713,2,8,10
2714,2,7,10
2715,2,6,10
2716,2,5,10
2717,2,4,10
2718,2,3,10
2719,2,2,10
2720,2,1,10
2721,2,16,11
2722,2,15,11
2723,2,14,11
2724,2,13,11
2725,2,12,11
2726,2,11,11
2727,2,10,11
2728,2,9,11
2729,2,8,11
2730,2,7,11
2731,2,6,11
2732,2,5,11
2733,2,4,11
2734,2,3,11
2735,2,2,11
2736,2,1,11
2737,2,16,12
2738,2,15,12
2739,2,14,12
2740,2,13,12
2741,2,12,12
2742,2,11,12
2743,2,10,12
2744,2,9,12
2745,2,8,12
2746,2,7,12
2747,2,6,12
2748,2,5,12
2749,2,4,12
2750,2,3,12
2751,2,2,12
2752,2,1,12
2753,2,16,13
2754,2,15,13
2755,2,14,13
2756,2,13,13
2757,2,12,13
2758,2,11,13
2759,2,10,13
2760,2,9,13
2761,2,8,13
2762,2,7,13
2763,2,6,13
2764,2,5,13
2765,2,4,13
2766,2,3,13
2767,2,2,13
2768,2,1,13
2769,2,16,14
2770,2,15,14
2771,2,14,14
2772,2,13,14
2773,2,12,14
2774,2,11,14
2775,2,10,14
2776,2,9,14
2777,2,8,14
2778,2,7,14
2779,2,6,14
2780,2,5,14
2781,2,4,14
2782,2,3,14
2783,2,2,14
2784,2,1,14
2785,2,16,15
2786,2,15,15
2787,2,14,15
2788,2,13,15
2789,2,12,15
2790,2,11,15
2791,2,10,15
2792,2,9,15
2793,2,8,15
2794,2,7,15
2795,2,6,15
2796,2,5,15
2797,2,4,15
2798,2,3,15
2799,2,2,15
2800,2,1,15
2801,2,16,16
2802,2,15,16
2803,2,14,16
2804,2,13,16
2805,2,12,16
2806,2,11,16
2807,2,10,16
2808,2,9,16
2809,2,8,16
2810,2,7,16
2811,2,6,16
2812,2,5,16
2813,2,4,16
2814,2,3,16
2815,2,2,16
2816,2,1,16
2817,4,16,1
2818,4,15,1
2819,4,14,1
2820,4,13,1
2821,4,12,1
2822,4,11,1
2823,4,10,1
2824,4,9,1
2825,4,8,1
2826,4,7,1
2827,4,6,1
2828,4,5,1
2829,4,4,1
2830,4,3,1
2831,4,2,1
2832,4,1,1
2833,4,16,2
2834,4,15,2
2835,4,14,2
2836,4,13,2
2837,4,12,2
2838,4,11,2
2839,4,10,2
2840,4,9,2
2841,4,8,2
2842,4,7,2
2843,4,6,2
2844,4,5,2
2845,4,4,2
2846,4,3,2
2847,4,2,2
2848,4,1,2
2849,4,16,3
2850,4,15,3
2851,4,14,3
2852,4,13,3
2853,4,12,3
2854,4,11,3
2855,4,10,3
2856,4,9,3
2857,4,8,3
2858,4,7,3
2859,4,6,3
2860,4,5,3
2861,4,4,3
2862,4,3,3
2863,4,2,3
2864,4,1,3
2865,4,16,4
2866,4,15,4
2867,4,14,4
2868,4,13,4
2869,4,12,4
2870,4,11,4
2871,4,10,4
2872,4,9,4
2873,4,8,4
2874,4,7,4
2875,4,6,4
2876,4,5,4
2877,4,4,4
2878,4,3,4
2879,4,2,4
2880,4,1,4
2881,4,16,5
2882,4,15,5
2883,4,14,5
2884,4,13,5
2885,4,12,5
2886,4,11,5
2887,4,10,5
2888,4,9,5
2889,4,8,5
2890,4,7,5
2891,4,6,5
2892,4,5,5
2893,4,4,5
2894,4,3,5
2895,4,2,5
2896,4,1,5
2897,4,16,6
2898,4,15,6
2899,4,14,6
2900,4,13,6
2901,4,12,6
2902,4,11,6
2903,4,10,6
2904,4,9,6
2905,4,8,6
2906,4,7,6
2907,4,6,6
2908,4,5,6
2909,4,4,6
2910,4,3,6
2911,4,2,6
2912,4,1,6
2913,4,16,7
2914,4,15,7
2915,4,14,7
2916,4,13,7
2917,4,12,7
2918,4,11,7
2919,4,10,7
2920,4,9,7
2921,4,8,7
2922,4,7,7
2923,4,6,7
2924,4,5,7
2925,4,4,7
2926,4,3,7
2927,4,2,7
2928,4,1,7
2929,4,16,8
2930,4,15,8
2931,4,14,8
2932,4,13,8
2933,4,12,8
2934,4,11,8
2935,4,10,8
2936,4,9,8
2937,4,8,8
2938,4,7,8
2939,4,6,8
2940,4,5,8
2941,4,4,8
2942,4,3,8
2943,4,2,8
2944,4,1,8
2945,4,16,9
2946,4,15,9
2947,4,14,9
2948,4,13,9
2949,4,12,9
2950,4,11,9
2951,4,10,9
2952,4,9,9
2953,4,8,9
2954,4,7,9
2955,4,6,9
2956,4,5,9
2957,4,4,9
2958,4,3,9
2959,4,2,9
2960,4,1,9
2961,4,16,10
2962,4,15,10
2963,4,14,10
2964,4,13,10
2965,4,12,10
2966,4,11,10
2967,4,10,10
2968,4,9,10
2969,4,8,10
2970,4,7,10
2971,4,6,10
2972,4,5,10
2973,4,4,10
2974,4,3,10
2975,4,2,10
2976,4,1,10
2977,4,16,11
2978,4,15,11
2979,4,14,11
2980,4,13,11
2981,4,12,11
2982,4,11,11
2983,4,10,11
2984,4,9,11
2985,4,8,11
2986,4,7,11
2987,4,6,11
2988,4,5,11
2989,4,4,11
2990,4,3,11
2991,4,2,11
2992,4,1,11
2993,4,16,12
2994,4,15,12
2995,4,14,12
2996,4,13,12
2997,4,12,12
2998,4,11,12
2999,4,10,12
3000,4,9,12
3001,4,8,12
3002,4,7,12
3003,4,6,12
3004,4,5,12
3005,4,4,12
3006,4,3,12
3007,4,2,12
3008,4,1,12
3009,4,16,13
3010,4,15,13
3011,4,14,13
3012,4,13,13
3013,4,12,13
3014,4,11,13
3015,4,10,13
3016,4,9,13
3017,4,8,13
3018,4,7,13
3019,4,6,13
3020,4,5,13
3021,4,4,13
3022,4,3,13
3023,4,2,13
3024,4,1,13
3025,4,16,14
3026,4,15,14
3027,4,14,14
3028,4,13,14
3029,4,12,14
3030,4,11,14
3031,4,10,14
3032,4,9,14
3033,4,8,14
3034,4,7,14
3035,4,6,14
3036,4,5,14
3037,4,4,14
3038,4,3,14
3039,4,2,14
3040,4,1,14
3041,4,16,15
3042,4,15,15
3043,4,14,15
3044,4,13,15
3045,4,12,15
3046,4,11,15
3047,4,10,15
3048,4,9,15
3049,4,8,15
3050,4,7,15
3051,4,6,15
3052,4,5,15
3053,4,4,15
3054,4,3,15
3055,4,2,15
3056,4,1,15
3057,4,16,16
3058,4,15,16
3059,4,14,16
3060,4,13,16
3061,4,12,16
3062,4,11,16
3063,4,10,16
3064,4,9,16
3065,4,8,16
3066,4,7,16
3067,4,6,16
3068,4,5,16
3069,4,4,16
3070,4,3,16
3071,4,2,16
3072,4,1,16
3073,9,16,1
3074,9,15,1
3075,9,14,1
3076,9,13,1
3077,9,12,1
3078,9,11,1
3079,9,10,1
3080,9,9,1
3081,9,8,1
3082,9,7,1
3083,9,6,1
3084,9,5,1
3085,9,4,1
3086,9,3,1
3087,9,2,1
3088,9,1,1
3089,9,16,2
3090,9,15,2
3091,9,14,2
3092,9,13,2
3093,9,12,2
3094,9,11,2
3095,9,10,2
3096,9,9,2
3097,9,8,2
3098,9,7,2
3099,9,6,2
3100,9,5,2
3101,9,4,2
3102,9,3,2
3103,9,2,2
3104,9,1,2
3105,9,16,3
3106,9,15,3
3107,9,14,3
3108,9,13,3
3109,9,12,3
3110,9,11,3
3111,9,10,3
3112,9,9,3
3113,9,8,3
3114,9,7,3
3115,9,6,3
3116,9,5,3
3117,9,4,3
3118,9,3,3
3119,9,2,3
3120,9,1,3
3121,9,16,4
3122,9,15,4
3123,9,14,4
3124,9,13,4
3125,9,12,4
3126,9,11,4
3127,9,10,4
3128,9,9,4
3129,9,8,4
3130,9,7,4
3131,9,6,4
3132,9,5,4
3133,9,4,4
3134,9,3,4
3135,9,2,4
3136,9,1,4
3137,9,16,5
3138,9,15,5
3139,9,14,5
3140,9,13,5
3141,9,12,5
3142,9,11,5
3143,9,10,5
3144,9,9,5
3145,9,8,5
3146,9,7,5
3147,9,6,5
3148,9,5,5
3149,9,4,5
3150,9,3,5
3151,9,2,5
3152,9,1,5
3153,9,16,6
3154,9,15,6
3155,9,14,6
3156,9,13,6
3157,9,12,6
3158,9,11,6
3159,9,10,6
3160,9,9,6
3161,9,8,6
3162,9,7,6
3163,9,6,6
3164,9,5,6
3165,9,4,6
3166,9,3,6
3167,9,2,6
3168,9,1,6
3169,9,16,7
3170,9,15,7
3171,9,14,7
3172,9,13,7
3173,9,12,7
3174,9,11,7
3175,9,10,7
3176,9,9,7
3177,9,8,7
3178,9,7,7
3179,9,6,7
3180,9,5,7
3181,9,4,7
3182,9,3,7
3183,9,2,7
3184,9,1,7
3185,9,16,8
3186,9,15,8
3187,9,14,8
3188,9,13,8
3189,9,12,8
3190,9,11,8
3191,9,10,8
3192,9,9,8
3193,9,8,8
3194,9,7,8
3195,9,6,8
3196,9,5,8
3197,9,4,8
3198,9,3,8
3199,9,2,8
3200,9,1,8
3201,9,16,9
3202,9,15,9
3203,9,14,9
3204,9,13,9
3205,9,12,9
3206,9,11,9
3207,9,10,9
3208,9,9,9
3209,9,8,9
3210,9,7,9
3211,9,6,9
3212,9,5,9
3213,9,4,9
3214,9,3,9
3215,9,2,9
3216,9,1,9
3217,9,16,10
3218,9,15,10
3219,9,14,10
3220,9,13,10
3221,9,12,10
3222,9,11,10
3223,9,10,10
3224,9,9,10
3225,9,8,10
3226,9,7,10
3227,9,6,10
3228,9,5,10
3229,9,4,10
3230,9,3,10
3231,9,2,10
3232,9,1,10
3233,9,16,11
3234,9,15,11
3235,9,14,11
3236,9,13,11
3237,9,12,11
3238,9,11,11
3239,9,10,11
3240,9,9,11
3241,9,8,11
3242,9,7,11
3243,9,6,11
3244,9,5,11
3245,9,4,11
3246,9,3,11
3247,9,2,11
3248,9,1,11
3249,9,16,12
3250,9,15,12
3251,9,14,12
3252,9,13,12
3253,9,12,12
3254,9,11,12
3255,9,10,12
3256,9,9,12
3257,9,8,12
3258,9,7,12
3259,9,6,12
3260,9,5,12
3261,9,4,12
3262,9,3,12
3263,9,2,12
3264,9,1,12
3265,9,16,13
3266,9,15,13
3267,9,14,13
3268,9,13,13
3269,9,12,13
3270,9,11,13
3271,9,10,13
3272,9,9,13
3273,9,8,13
3274,9,7,13
3275,9,6,13
3276,9,5,13
3277,9,4,13
3278,9,3,13
3279,9,2,13
3280,9,1,13
3281,9,16,14
3282,9,15,14
3283,9,14,14
3284,9,13,14
3285,9,12,14
3286,9,11,14
3287,9,10,14
3288,9,9,14
3289,9,8,14
3290,9,7,14
3291,9,6,14
3292,9,5,14
3293,9,4,14
3294,9,3,14
3295,9,2,14
3296,9,1,14
3297,9,16,15
3298,9,15,15
3299,9,14,15
3300,9,13,15
3301,9,12,15
3302,9,11,15
3303,9,10,15
3304,9,9,15
3305,9,8,15
3306,9,7,15
3307,9,6,15
3308,9,5,15
3309,9,4,15
3310,9,3,15
3311,9,2,15
3312,9,1,15
3313,9,16,16
3314,9,15,16
3315,9,14,16
3316,9,13,16
3317,9,12,16
3318,9,11,16
3319,9,10,16
3320,9,9,16
3321,9,8,16
3322,9,7,16
3323,9,6,16
3324,9,5,16
3325,9,4,16
3326,9,3,16
3327,9,2,16
3328,9,1,16
3329,11,16,1
3330,11,15,1
3331,11,14,1
3332,11,13,1
3333,11,12,1
3334,11,11,1
3335,11,10,1
3336,11,9,1
3337,11,8,1
3338,11,7,1
3339,11,6,1
3340,11,5,1
3341,11,4,1
3342,11,3,1
3343,11,2,1
3344,11,1,1
3345,11,16,2
3346,11,15,2
3347,11,14,2
3348,11,13,2
3349,11,12,2
3350,11,11,2
3351,11,10,2
3352,11,9,2
3353,11,8,2
3354,11,7,2
3355,11,6,2
3356,11,5,2
3357,11,4,2
3358,11,3,2
3359,11,2,2
3360,11,1,2
3361,11,16,3
3362,11,15,3
3363,11,14,3
3364,11,13,3
3365,11,12,3
3366,11,11,3
3367,11,10,3
3368,11,9,3
3369,11,8,3
3370,11,7,3
3371,11,6,3
3372,11,5,3
3373,11,4,3
3374,11,3,3
3375,11,2,3
3376,11,1,3
3377,11,16,4
3378,11,15,4
3379,11,14,4
3380,11,13,4
3381,11,12,4
3382,11,11,4
3383,11,10,4
3384,11,9,4
3385,11,8,4
3386,11,7,4
3387,11,6,4
3388,11,5,4
3389,11,4,4
3390,11,3,4
3391,11,2,4
3392,11,1,4
3393,11,16,5
3394,11,15,5
3395,11,14,5
3396,11,13,5
3397,11,12,5
3398,11,11,5
3399,11,10,5
3400,11,9,5
3401,11,8,5
3402,11,7,5
3403,11,6,5
3404,11,5,5
3405,11,4,5
3406,11,3,5
3407,11,2,5
3408,11,1,5
3409,11,16,6
3410,11,15,6
3411,11,14,6
3412,11,13,6
3413,11,12,6
3414,11,11,6
3415,11,10,6
3416,11,9,6
3417,11,8,6
3418,11,7,6
3419,11,6,6
3420,11,5,6
3421,11,4,6
3422,11,3,6
3423,11,2,6
3424,11,1,6
3425,11,16,7
3426,11,15,7
3427,11,14,7
3428,11,13,7
3429,11,12,7
3430,11,11,7
3431,11,10,7
3432,11,9,7
3433,11,8,7
3434,11,7,7
3435,11,6,7
3436,11,5,7
3437,11,4,7
3438,11,3,7
3439,11,2,7
3440,11,1,7
3441,11,16,8
3442,11,15,8
3443,11,14,8
3444,11,13,8
3445,11,12,8
3446,11,11,8
3447,11,10,8
3448,11,9,8
3449,11,8,8
3450,11,7,8
3451,11,6,8
3452,11,5,8
3453,11,4,8
3454,11,3,8
3455,11,2,8
3456,11,1,8
3457,11,16,9
3458,11,15,9
3459,11,14,9
3460,11,13,9
3461,11,12,9
3462,11,11,9
3463,11,10,9
3464,11,9,9
3465,11,8,9
3466,11,7,9
3467,11,6,9
3468,11,5,9
3469,11,4,9
3470,11,3,9
3471,11,2,9
3472,11,1,9
3473,11,16,10
3474,11,15,10
3475,11,14,10
3476,11,13,10
3477,11,12,10
3478,11,11,10
3479,11,10,10
3480,11,9,10
3481,11,8,10
3482,11,7,10
3483,11,6,10
3484,11,5,10
3485,11,4,10
3486,11,3,10
3487,11,2,10
3488,11,1,10
3489,11,16,11
3490,11,15,11
3491,11,14,11
3492,11,13,11
3493,11,12,11
3494,11,11,11
3495,11,10,11
3496,11,9,11
3497,11,8,11
3498,11,7,11
3499,11,6,11
3500,11,5,11
3501,11,4,11
3502,11,3,11
3503,11,2,11
3504,11,1,11
3505,11,16,12
3506,11,15,12
3507,11,14,12
3508,11,13,12
3509,11,12,12
3510,11,11,12
3511,11,10,12
3512,11,9,12
3513,11,8,12
3514,11,7,12
3515,11,6,12
3516,11,5,12
3517,11,4,12
3518,11,3,12
3519,11,2,12
3520,11,1,12
3521,11,16,13
3522,11,15,13
3523,11,14,13
3524,11,13,13
3525,11,12,13
3526,11,11,13
3527,11,10,13
3528,11,9,13
3529,11,8,13
3530,11,7,13
3531,11,6,13
3532,11,5,13
3533,11,4,13
3534,11,3,13
3535,11,2,13
3536,11,1,13
3537,11,16,14
3538,11,15,14
3539,11,14,14
3540,11,13,14
3541,11,12,14
3542,11,11,14
3543,11,10,14
3544,11,9,14
3545,11,8,14
3546,11,7,14
3547,11,6,14
3548,11,5,14
3549,11,4,14
3550,11,3,14
3551,11,2,14
3552,11,1,14
3553,11,16,15
3554,11,15,15
3555,11,14,15
3556,11,13,15
3557,11,12,15
3558,11,11,15
3559,11,10,15
3560,11,9,15
3561,11,8,15
3562,11,7,15
3563,11,6,15
3564,11,5,15
3565,11,4,15
3566,11,3,15
3567,11,2,15
3568,11,1,15
3569,11,16,16
3570,11,15,16
3571,11,14,16
3572,11,13,16
3573,11,12,16
3574,11,11,16
3575,11,10,16
3576,11,9,16
3577,11,8,16
3578,11,7,16
3579,11,6,16
3580,11,5,16
3581,11,4,16
3582,11,3,16
3583,11,2,16
3584,11,1,16
3585,10,1,1
3586,10,2,1
3587,10,3,1
3588,10,4,1
3589,10,5,1
3590,10,6,1
3591,10,7,1
3592,10,8,1
3593,10,9,1
3594,10,10,1
3595,10,11,1
3596,10,12,1
3597,10,13,1
3598,10,14,1
3599,10,15,1
3600,10,16,1
3601,10,1,2
3602,10,2,2
3603,10,3,2
3604,10,4,2
3605,10,5,2
3606,10,6,2
3607,10,7,2
3608,10,8,2
3609,10,9,2
3610,10,10,2
3611,10,11,2
3612,10,12,2
3613,10,13,2
3614,10,14,2
3615,10,15,2
3616,10,16,2
3617,10,1,3
3618,10,2,3
3619,10,3,3
3620,10,4,3
3621,10,5,3
3622,10,6,3
3623,10,7,3
3624,10,8,3
3625,10,9,3
3626,10,10,3
3627,10,11,3
3628,10,12,3
3629,10,13,3
3630,10,14,3
3631,10,15,3
3632,10,16,3
3633,10,1,4
3634,10,2,4
3635,10,3,4
3636,10,4,4
3637,10,5,4
3638,10,6,4
3639,10,7,4
3640,10,8,4
3641,10,9,4
3642,10,10,4
3643,10,11,4
3644,10,12,4
3645,10,13,4
3646,10,14,4
3647,10,15,4
3648,10,16,4
3649,10,1,5
3650,10,2,5
3651,10,3,5
3652,10,4,5
3653,10,5,5
3654,10,6,5
3655,10,7,5
3656,10,8,5
3657,10,9,5
3658,10,10,5
3659,10,11,5
3660,10,12,5
3661,10,13,5
3662,10,14,5
3663,10,15,5
3664,10,16,5
3665,10,1,6
3666,10,2,6
3667,10,3,6
3668,10,4,6
3669,10,5,6
3670,10,6,6
3671,10,7,6
3672,10,8,6
3673,10,9,6
3674,10,10,6
3675,10,11,6
3676,10,12,6
3677,10,13,6
3678,10,14,6
3679,10,15,6
3680,10,16,6
3681,10,1,7
3682,10,2,7
3683,10,3,7
3684,10,4,7
3685,10,5,7
3686,10,6,7
3687,10,7,7
3688,10,8,7
3689,10,9,7
3690,10,10,7
3691,10,11,7
3692,10,12,7
3693,10,13,7
3694,10,14,7
3695,10,15,7
3696,10,16,7
3697,10,1,8
3698,10,2,8
3699,10,3,8
3700,10,4,8
3701,10,5,8
3702,10,6,8
3703,10,7,8
3704,10,8,8
3705,10,9,8
3706,10,10,8
3707,10,11,8
3708,10,12,8
3709,10,13,8
3710,10,14,8
3711,10,15,8
3712,10,16,8
3713,10,1,9
3714,10,2,9
3715,10,3,9
3716,10,4,9
3717,10,5,9
3718,10,6,9
3719,10,7,9
3720,10,8,9
3721,10,9,9
3722,10,10,9
3723,10,11,9
3724,10,12,9
3725,10,13,9
3726,10,14,9
3727,10,15,9
3728,10,16,9
3729,10,1,10
3730,10,2,10
3731,10,3,10
3732,10,4,10
3733,10,5,10
3734,10,6,10
3735,10,7,10
3736,10,8,10
3737,10,9,10
3738,10,10,10
3739,10,11,10
3740,10,12,10
3741,10,13,10
3742,10,14,10
3743,10,15,10
3744,10,16,10
3745,10,1,11
3746,10,2,11
3747,10,3,11
3748,10,4,11
3749,10,5,11
3750,10,6,11
3751,10,7,11
3752,10,8,11
3753,10,9,11
3754,10,10,11
3755,10,11,11
3756,10,12,11
3757,10,13,11
3758,10,14,11
3759,10,15,11
3760,10,16,11
3761,10,1,12
3762,10,2,12
3763,10,3,12
3764,10,4,12
3765,10,5,12
3766,10,6,12
3767,10,7,12
3768,10,8,12
3769,10,9,12
3770,10,10,12
3771,10,11,12
3772,10,12,12
3773,10,13,12
3774,10,14,12
3775,10,15,12
3776,10,16,12
3777,10,1,13
3778,10,2,13
3779,10,3,13
3780,10,4,13
3781,10,5,13
3782,10,6,13
3783,10,7,13
3784,10,8,13
3785,10,9,13
3786,10,10,13
3787,10,11,13
3788,10,12,13
3789,10,13,13
3790,10,14,13
3791,10,15,13
3792,10,16,13
3793,10,1,14
3794,10,2,14
3795,10,3,14
3796,10,4,14
3797,10,5,14
3798,10,6,14
3799,10,7,14
3800,10,8,14
3801,10,9,14
3802,10,10,14
3803,10,11,14
3804,10,12,14
3805,10,13,14
3806,10,14,14
3807,10,15,14
3808,10,16,14
3809,10,1,15
3810,10,2,15
3811,10,3,15
3812,10,4,15
3813,10,5,15
3814,10,6,15
3815,10,7,15
3816,10,8,15
3817,10,9,15
3818,10,10,15
3819,10,11,15
3820,10,12,15
3821,10,13,15
3822,10,14,15
3823,10,15,15
3824,10,16,15
3825,10,1,16
3826,10,2,16
3827,10,3,16
3828,10,4,16
3829,10,5,16
3830,10,6,16
3831,10,7,16
3832,10,8,16
3833,10,9,16
3834,10,10,16
3835,10,11,16
3836,10,12,16
3837,10,13,16
3838,10,14,16
3839,10,15,16
3840,10,16,16
3841,12,1,1
3842,12,2,1
3843,12,3,1
3844,12,4,1
3845,12,5,1
3846,12,6,1
3847,12,7,1
3848,12,8,1
3849,12,9,1
3850,12,10,1
3851,12,11,1
3852,12,12,1
3853,12,13,1
3854,12,14,1
3855,12,15,1
3856,12,16,1
3857,12,1,2
3858,12,2,2
3859,12,3,2
3860,12,4,2
3861,12,5,2
3862,12,6,2
3863,12,7,2
3864,12,8,2
3865,12,9,2
3866,12,10,2
3867,12,11,2
3868,12,12,2
3869,12,13,2
3870,12,14,2
3871,12,15,2
3872,12,16,2
3873,12,1,3
3874,12,2,3
3875,12,3,3
3876,12,4,3
3877,12,5,3
3878,12,6,3
3879,12,7,3
3880,12,8,3
3881,12,9,3
3882,12,10,3
3883,12,11,3
3884,12,12,3
3885,12,13,3
3886,12,14,3
3887,12,15,3
3888,12,16,3
3889,12,1,4
3890,12,2,4
3891,12,3,4
3892,12,4,4
3893,12,5,4
3894,12,6,4
3895,12,7,4
3896,12,8,4
3897,12,9,4
3898,12,10,4
3899,12,11,4
3900,12,12,4
3901,12,13,4
3902,12,14,4
3903,12,15,4
3904,12,16,4
3905,12,1,5
3906,12,2,5
3907,12,3,5
3908,12,4,5
3909,12,5,5
3910,12,6,5
3911,12,7,5
3912,12,8,5
3913,12,9,5
3914,12,10,5
3915,12,11,5
3916,12,12,5
3917,12,13,5
3918,12,14,5
3919,12,15,5
3920,12,16,5
3921,12,1,6
3922,12,2,6
3923,12,3,6
3924,12,4,6
3925,12,5,6
3926,12,6,6
3927,12,7,6
3928,12,8,6
3929,12,9,6
3930,12,10,6
3931,12,11,6
3932,12,12,6
3933,12,13,6
3934,12,14,6
3935,12,15,6
3936,12,16,6
3937,12,1,7
3938,12,2,7
3939,12,3,7
3940,12,4,7
3941,12,5,7
3942,12,6,7
3943,12,7,7
3944,12,8,7
3945,12,9,7
3946,12,10,7
3947,12,11,7
3948,12,12,7
3949,12,13,7
3950,12,14,7
3951,12,15,7
3952,12,16,7
3953,12,1,8
3954,12,2,8
3955,12,3,8
3956,12,4,8
3957,12,5,8
3958,12,6,8
3959,12,7,8
3960,12,8,8
3961,12,9,8
3962,12,10,8
3963,12,11,8
3964,12,12,8
3965,12,13,8
3966,12,14,8
3967,12,15,8
3968,12,16,8
3969,12,1,9
3970,12,2,9
3971,12,3,9
3972,12,4,9
3973,12,5,9
3974,12,6,9
3975,12,7,9
3976,12,8,9
3977,12,9,9
3978,12,10,9
3979,12,11,9
3980,12,12,9
3981,12,13,9
3982,12,14,9
3983,12,15,9
3984,12,16,9
3985,12,1,10
3986,12,2,10
3987,12,3,10
3988,12,4,10
3989,12,5,10
3990,12,6,10
3991,12,7,10
3992,12,8,10
3993,12,9,10
3994,12,10,10
3995,12,11,10
3996,12,12,10
3997,12,13,10
3998,12,14,10
3999,12,15,10
4000,12,16,10
4001,12,1,11
4002,12,2,11
4003,12,3,11
4004,12,4,11
4005,12,5,11
4006,12,6,11
4007,12,7,11
4008,12,8,11
4009,12,9,11
4010,12,10,11
4011,12,11,11
4012,12,12,11
4013,12,13,11
4014,12,14,11
4015,12,15,11
4016,12,16,11
4017,12,1,12
4018,12,2,12
4019,12,3,12
4020,12,4,12
4021,12,5,12
4022,12,6,12
4023,12,7,12
4024,12,8,12
4025,12,9,12
4026,12,10,12
4027,12,11,12
4028,12,12,12
4029,12,13,12
4030,12,14,12
4031,12,15,12
4032,12,16,12
4033,12,1,13
4034,12,2,13
4035,12,3,13
4036,12,4,13
4037,12,5,13
4038,12,6,13
4039,12,7,13
4040,12,8,13
4041,12,9,13
4042,12,10,13
4043,12,11,13
4044,12,12,13
4045,12,13,13
4046,12,14,13
4047,12,15,13
4048,12,16,13
4049,12,1,14
4050,12,2,14
4051,12,3,14
4052,12,4,14
4053,12,5,14
4054,12,6,14
4055,12,7,14
4056,12,8,14
4057,12,9,14
4058,12,10,14
4059,12,11,14
4060,12,12,14
4061,12,13,14
4062,12,14,14
4063,12,15,14
4064,12,16,14
4065,12,1,15
4066,12,2,15
4067,12,3,15
4068,12,4,15
4069,12,5,15
4070,12,6,15
4071,12,7,15
4072,12,8,15
4073,12,9,15
4074,12,10,15
4075,12,11,15
4076,12,12,15
4077,12,13,15
4078,12,14,15
4079,12,15,15
4080,12,16,15
4081,12,1,16
4082,12,2,16
4083,12,3,16
4084,12,4,16
4085,12,5,16
4086,12,6,16
4087,12,7,16
4088,12,8,16
4089,12,9,16
4090,12,10,16
4091,12,11,16
4092,12,12,16
4093,12,13,16
4094,12,14,16
4095,12,15,16
4096,12,16,16
